<?xml version="1.0" encoding="UTF-8"?>
<archetype-descriptor xsi:schemaLocation="http://maven.apache.org/plugins/maven-archetype-plugin/archetype-descriptor/1.0.0 http://maven.apache.org/xsd/archetype-descriptor-1.0.0.xsd" name="jposee-archetype"
    xmlns="http://maven.apache.org/plugins/maven-archetype-plugin/archetype-descriptor/1.0.0"
    xmlns:xsi="http://www.w3.org/2001/XMLSchema-instance">
  <requiredProperties>
    <requiredProperty key="groupId">
      <defaultValue>org.jpos</defaultValue>
    </requiredProperty>
  </requiredProperties>
  <fileSets>
    <fileSet filtered="true" encoding="UTF-8">
      <directory>/</directory>
      <includes>
        <include>COPYRIGHT</include>
        <include>LICENSE</include>
      </includes>
    </fileSet>
    <fileSet filtered="true" encoding="UTF-8">
      <directory>src/main/filters</directory>
      <includes>
        <include>**/*.properties</include>
      </includes>
    </fileSet>
    <fileSet filtered="true" encoding="UTF-8">
      <directory>src/main/resources</directory>
    </fileSet>
    <fileSet filtered="true" encoding="UTF-8">
      <directory>src/main/assembly</directory>
      <includes>
        <include>**/*.xml</include>
      </includes>
    </fileSet>
  </fileSets>
</archetype-descriptor>

