<assembly>
  <id>bin</id>
  <formats>
    <format>tar.gz</format>
    <format>zip</format>
  </formats>
  <baseDirectory>jpos-${project.version}</baseDirectory>
  <includeSiteDirectory>false</includeSiteDirectory>

  <dependencySets>
    <dependencySet>
      <outputDirectory>/lib</outputDirectory>
      <useProjectArtifact>false</useProjectArtifact>
      <unpack>false</unpack>
      <scope>runtime</scope>
    </dependencySet>
  </dependencySets>

  <fileSets>
    <fileSet>
      <directory>src/main/resources</directory>
      <outputDirectory>/</outputDirectory>
      <includes>
        <include>cfg/packager/*.xml</include>
        <include>deploy/*.xml</include>
        <include>log/*.log</include>
      </includes>
    </fileSet>
  </fileSets>

  <files>
    <file>
      <source>target/jpos-${project.version}.jar</source>
      <fileMode>0644</fileMode>
    </file>
    <file><source>../COPYRIGHT</source></file>
    <file><source>../LICENSE</source></file>
    <file>
      <source>src/main/resources/bin/q2</source>
      <outputDirectory>/bin</outputDirectory>
      <fileMode>0755</fileMode>
      <filtered>true</filtered>
    </file>
    <file>
      <source>src/main/resources/bin/bsh</source>
      <outputDirectory>/bin</outputDirectory>
      <fileMode>0755</fileMode>
      <filtered>true</filtered>
    </file>
    <file>
      <source>src/main/resources/bin/start</source>
      <outputDirectory>/bin</outputDirectory>
      <fileMode>0755</fileMode>
    </file>
    <file>
      <source>src/main/resources/bin/stop</source>
      <outputDirectory>/bin</outputDirectory>
      <fileMode>0755</fileMode>
    </file>
  </files>
</assembly>

